,Name,Name_tag,ID,Position
0,Jan Oblak,jan-oblak,121483,Goalkeeper
1,Alisson,alisson,105470,Goalkeeper
2,Marc-André ter Stegen,marc-andre-ter-stegen,74857,Goalkeeper
3,Ederson,ederson,238223,Goalkeeper
4,Kepa,kepa,192279,Goalkeeper
5,David de Gea,david-de-gea,59377,Goalkeeper
6,Gianluigi Donnarumma,gianluigi-donnarumma,315858,Goalkeeper
7,Thibaut Courtois,thibaut-courtois,108390,Goalkeeper
8,Alex Meret,alex-meret,240414,Goalkeeper
9,Wojciech Szczesny,wojciech-szczesny,44058,Goalkeeper
10,André Onana,andre-onana,234509,Goalkeeper
11,Jordan Pickford,jordan-pickford,130164,Goalkeeper
12,Bernd Leno,bernd-leno,72476,Goalkeeper
13,Thomas Strakosha,thomas-strakosha,222209,Goalkeeper
14,Anthony Lopes,anthony-lopes,60561,Goalkeeper
15,Pau López,pau-lopez,286415,Goalkeeper
16,Mike Maignan,mike-maignan,182906,Goalkeeper
17,Rui Patrício,rui-patricio,45026,Goalkeeper
18,Alessio Cragno,alessio-cragno,12907,Goalkeeper
19,Jasper Cillessen,jasper-cillessen,146227,Goalkeeper
20,Neto,neto,111819,Goalkeeper
21,Tomas Vaclik,tomas-vaclik,64000,Goalkeeper
22,Hugo Lloris,hugo-lloris,17965,Goalkeeper
23,Manuel Neuer,manuel-neuer,17259,Goalkeeper
24,Alphonse Areola,alphonse-areola,120629,Goalkeeper
25,Ionut Radu,ionut-radu,303657,Goalkeeper
26,Dean Henderson,dean-henderson,258919,Goalkeeper
27,Emil Audero,emil-audero,256339,Goalkeeper
28,Juan Musso,juan-musso,242359,Goalkeeper
29,David Soria,david-soria,226012,Goalkeeper
30,Fernando Pacheco,fernando-pacheco,172015,Goalkeeper
31,Bartlomiej Dragowski,bartlomiej-dragowski,208166,Goalkeeper
32,Benjamin Lecomte,benjamin-lecomte,127181,Goalkeeper
33,Roman Bürki,roman-burki,59027,Goalkeeper
34,Koen Casteels,koen-casteels,108880,Goalkeeper
35,Alban Lafont,alban-lafont,357117,Goalkeeper
36,Jiri Pavlenka,jiri-pavlenka,260053,Goalkeeper
37,Pierluigi Gollini,pierluigi-gollini,244192,Goalkeeper
38,Sergio Rico,sergio-rico,207302,Goalkeeper
39,Alexander Nübel,alexander-nubel,195778,Goalkeeper
40,Nick Pope,nick-pope,192080,Goalkeeper
41,Jack Butland,jack-butland,128899,Goalkeeper
42,Jeroen Zoet,jeroen-zoet,79045,Goalkeeper
43,Péter Gulácsi,peter-gulacsi,57071,Goalkeeper
44,Sergio Asenjo,sergio-asenjo,51710,Goalkeeper
45,Yann Sommer,yann-sommer,42205,Goalkeeper
46,Kasper Schmeichel,kasper-schmeichel,16911,Goalkeeper
47,Andrey Lunev,andrey-lunev,112541,Goalkeeper
48,Aaron Ramsdale,aaron-ramsdale,427568,Goalkeeper
49,Walter Benítez,walter-benitez,296802,Goalkeeper
50,Florian Müller,florian-muller,284769,Goalkeeper
51,Gerónimo Rulli,geronimo-rulli,229604,Goalkeeper
52,Mathew Ryan,mathew-ryan,128969,Goalkeeper
53,Odysseas Vlachodimos,odysseas-vlachodimos,124419,Goalkeeper
54,Mattia Perin,mattia-perin,110923,Goalkeeper
55,Esteban Andrada,esteban-andrada,105888,Goalkeeper
56,Marko Dmitrovic,marko-dmitrovic,94308,Goalkeeper
57,Keylor Navas,keylor-navas,79422,Goalkeeper
58,Simon Mignolet,simon-mignolet,50219,Goalkeeper
59,Kevin Trapp,kevin-trapp,45672,Goalkeeper
60,Igor Akinfeev,igor-akinfeev,15570,Goalkeeper
61,Edouard Mendy,edouard-mendy,442531,Goalkeeper
62,Paul Bernardoni,paul-bernardoni,318507,Goalkeeper
63,Alexander Schwolow,alexander-schwolow,93763,Goalkeeper
64,Dominik Livakovic,dominik-livakovic,205927,Goalkeeper
65,Danny Ward,danny-ward,203026,Goalkeeper
66,Angus Gunn,angus-gunn,201574,Goalkeeper
67,Robin Olsen,robin-olsen,75458,Goalkeeper
68,Oliver Baumann,oliver-baumann,55089,Goalkeeper
69,Fraser Forster,fraser-forster,52570,Goalkeeper
70,Lukas Hradecky,lukas-hradecky,48015,Goalkeeper
71,Salvatore Sirigu,salvatore-sirigu,25508,Goalkeeper
72,Andrii Lunin,andrii-lunin,404839,Goalkeeper
73,Franco Armani,franco-armani,119634,Goalkeeper
74,Agustín Marchesín,agustin-marchesin,54534,Goalkeeper
75,Zack Steffen,zack-steffen,221624,Goalkeeper
76,Matz Sels,matz-sels,127202,Goalkeeper
77,Sam Johnstone,sam-johnstone,110864,Goalkeeper
78,Lukasz Skorupski,lukasz-skorupski,80894,Goalkeeper
79,Martin Dubravka,martin-dubravka,74960,Goalkeeper
80,Asmir Begovic,asmir-begovic,33873,Goalkeeper
81,Matvey Safonov,matvey-safonov,318470,Goalkeeper
82,Ugurcan Cakir,ugurcan-cakir,292199,Goalkeeper
83,Unai Simón,unai-simon,262396,Goalkeeper
84,Jonas Omlin,jonas-omlin,247915,Goalkeeper
85,Tomas Koubek,tomas-koubek,146714,Goalkeeper
86,Hendrik Van Crombrugge,hendrik-van-crombrugge,137326,Goalkeeper
87,Timo Horn,timo-horn,84938,Goalkeeper
88,Jordi Masip,jordi-masip,65263,Goalkeeper
89,Neil Etheridge,neil-etheridge,61694,Goalkeeper
90,Tom Heaton,tom-heaton,34130,Goalkeeper
91,Samir Handanovic,samir-handanovic,28021,Goalkeeper
92,Ondrej Kolar,ondrej-kolar,189630,Goalkeeper
93,Benoît Costil,benoit-costil,22628,Goalkeeper
94,Illan Meslier,illan-meslier,542586,Goalkeeper
95,Wuilker Fariñez,wuilker-farinez,373714,Goalkeeper
96,Aleksandr Maksimenko,aleksandr-maksimenko,351419,Goalkeeper
97,Kamil Grabara,kamil-grabara,346551,Goalkeeper
98,Radoslaw Majecki,radoslaw-majecki,346546,Goalkeeper
99,Dani Martín,dani-martin,335221,Goalkeeper
100,Aleksandr Selikhov,aleksandr-selikhov,265153,Goalkeeper
101,Gregor Kobel,gregor-kobel,257814,Goalkeeper
102,Bono,bono,207834,Goalkeeper
103,Baptiste Reynet,baptiste-reynet,190786,Goalkeeper
104,Predrag Rajkovic,predrag-rajkovic,190263,Goalkeeper
105,Jesse Joronen,jesse-joronen,131758,Goalkeeper
106,Joel Robles,joel-robles,101118,Goalkeeper
107,Luigi Sepe,luigi-sepe,99254,Goalkeeper
108,Alex McCarthy,alex-mccarthy,95976,Goalkeeper
109,Loris Karius,loris-karius,85864,Goalkeeper
110,Adrián,adrian,71271,Goalkeeper
111,Vicente Guaita,vicente-guaita,64399,Goalkeeper
112,Fernando Muslera,fernando-muslera,58088,Goalkeeper
113,Jonas Lössl,jonas-lossl,48870,Goalkeeper
114,Tim Krul,tim-krul,33027,Goalkeeper
115,Marco Bizot,marco-bizot,124884,Goalkeeper
116,Stanislav Kritsyuk,stanislav-kritsyuk,98547,Goalkeeper
117,Wéverton,weverton,69400,Goalkeeper
118,Darren Randolph,darren-randolph,51321,Goalkeeper
119,Sven Ulreich,sven-ulreich,40680,Goalkeeper
120,Diogo Costa,diogo-costa,357153,Goalkeeper
121,Gautier Larsonneur,gautier-larsonneur,357047,Goalkeeper
122,Altay Bayindir,altay-bayindir,336077,Goalkeeper
123,Léo Jardim,leo-jardim,288415,Goalkeeper
124,Tiago Sá,tiago-sa,286908,Goalkeeper
125,Brice Samba,brice-samba,191056,Goalkeeper
126,Iago Herrerín,iago-herrerin,71570,Goalkeeper
127,Mert Günok,mert-gunok,51894,Goalkeeper
128,Fabri,fabri,45882,Goalkeeper
129,Lukasz Fabianski,lukasz-fabianski,29692,Goalkeeper
130,José Sá,jose-sa,249994,Goalkeeper
131,Alireza Beiranvand,alireza-beiranvand,229081,Goalkeeper
132,David von Ballmoos,david-von-ballmoos,203124,Goalkeeper
133,Paulo Gazzaniga,paulo-gazzaniga,195488,Goalkeeper
134,Alexander Schlager,alexander-schlager,186374,Goalkeeper
135,Thomas Didillon,thomas-didillon,182891,Goalkeeper
136,Cican Stankovic,cican-stankovic,127679,Goalkeeper
137,Marcus Bettinelli,marcus-bettinelli,116648,Goalkeeper
138,Emiliano Martínez,emiliano-martinez,111873,Goalkeeper
139,Renan Ribeiro,renan-ribeiro,95142,Goalkeeper
140,Richard Strebinger,richard-strebinger,93768,Goalkeeper
141,David Ospina,david-ospina,73396,Goalkeeper
142,Milan Borjan,milan-borjan,67797,Goalkeeper
143,Lars Unnerstall,lars-unnerstall,53696,Goalkeeper
144,Lovre Kalinic,lovre-kalinic,46405,Goalkeeper
145,Diego Alves,diego-alves,42373,Goalkeeper
146,Stéphane Ruffier,stephane-ruffier,39910,Goalkeeper
147,Andrea Consigli,andrea-consigli,35865,Goalkeeper
148,Alex Smithies,alex-smithies,33754,Goalkeeper
149,Sergio Romero,sergio-romero,30690,Goalkeeper
150,Guillermo Ochoa,guillermo-ochoa,29559,Goalkeeper
151,Manuel Roffo,manuel-roffo,491687,Goalkeeper
152,Lucas Chávez,lucas-chavez,360791,Goalkeeper
153,Justin Bijlow,justin-bijlow,315121,Goalkeeper
154,Vasilios Barkas,vasilios-barkas,248658,Goalkeeper
155,Guido Herrera,guido-herrera,230014,Goalkeeper
156,Tiago Volpi,tiago-volpi,227671,Goalkeeper
157,Rubén Blanco,ruben-blanco,199321,Goalkeeper
158,Bruno Varela,bruno-varela,182722,Goalkeeper
159,Stole Dimitrievski,stole-dimitrievski,165467,Goalkeeper
160,Yvon Mvogo,yvon-mvogo,147051,Goalkeeper
161,Karl Darlow,karl-darlow,99397,Goalkeeper
162,Marco Silvestri,marco-silvestri,85528,Goalkeeper
163,Etrit Berisha,etrit-berisha,77825,Goalkeeper
164,Thomas Kaminski,thomas-kaminski,77757,Goalkeeper
165,Aleksandr Belenov,aleksandr-belenov,62514,Goalkeeper
166,Guilherme,guilherme,55369,Goalkeeper
167,Gabriel Arias,gabriel-arias,54330,Goalkeeper
168,Marcelo Grohe,marcelo-grohe,52313,Goalkeeper
169,Cássio,cassio,50144,Goalkeeper
170,Wayne Hennessey,wayne-hennessey,45494,Goalkeeper
171,Joe Hart,joe-hart,40204,Goalkeeper
172,Ralf Fährmann,ralf-fahrmann,39015,Goalkeeper
173,Sinan Bolat,sinan-bolat,33862,Goalkeeper
174,Kiko Casilla,kiko-casilla,27486,Goalkeeper
175,Anton Shunin,anton-shunin,37549,Goalkeeper
176,Ezequiel Unsain,ezequiel-unsain,337600,Goalkeeper
177,Martín Campaña,martin-campana,91755,Goalkeeper
178,Alessandro Plizzari,alessandro-plizzari,357991,Goalkeeper
179,Bingourou Kamara,bingourou-kamara,333175,Goalkeeper
180,Jean Butez,jean-butez,290537,Goalkeeper
181,Iñaki Peña,inaki-pena,283170,Goalkeeper
182,Gastón Guruceaga,gaston-guruceaga,266070,Goalkeeper
183,Mohammed Al-Owais,mohammed-al-owais,262845,Goalkeeper
184,David Raya,david-raya,262749,Goalkeeper
185,Juan Soriano,juan-soriano,251892,Goalkeeper
186,Rui Silva,rui-silva,234811,Goalkeeper
187,Jaume Doménech,jaume-domenech,227805,Goalkeeper
188,Rúnar Alex Rúnarsson,runar-alex-runarsson,205657,Goalkeeper
189,Marco Sportiello,marco-sportiello,199976,Goalkeeper
190,Matheus,matheus,177547,Goalkeeper
191,Aitor Fernández,aitor-fernandez,118997,Goalkeeper
192,Denys Boiko,denys-boiko,91931,Goalkeeper
193,Alexandros Paschalakis,alexandros-paschalakis,88348,Goalkeeper
194,Nahuel Guzmán,nahuel-guzman,87859,Goalkeeper
195,Marwin Hitz,marwin-hitz,59238,Goalkeeper
196,Ciprian Tatarusanu,ciprian-tatarusanu,55282,Goalkeeper
197,Andrii Piatov,andrii-piatov,39996,Goalkeeper
198,John Ruddy,john-ruddy,29712,Goalkeeper
199,Steve Mandanda,steve-mandanda,23951,Goalkeeper
200,Ron-Robert Zieler,ron-robert-zieler,21327,Goalkeeper
201,Oier Olazábal,oier-olazabal,8176,Goalkeeper
202,Rodolfo Cota,rodolfo-cota,71401,Goalkeeper
203,Anton Mitryushkin,anton-mitryushkin,260677,Goalkeeper
204,Renan,renan,68102,Goalkeeper
205,Arnaud Bodart,arnaud-bodart,417278,Goalkeeper
206,Gabriel Brazão,gabriel-brazao,371247,Goalkeeper
207,Arijanet Muric,arijanet-muric,371021,Goalkeeper
208,Agustín Rossi,agustin-rossi,352324,Goalkeeper
209,Mile Svilar,mile-svilar,338670,Goalkeeper
210,Raúl Gudiño,raul-gudino,295400,Goalkeeper
211,Ivan Konovalov,ivan-konovalov,278190,Goalkeeper
212,Freddie Woodman,freddie-woodman,226049,Goalkeeper
213,Florin Nita,florin-nita,200475,Goalkeeper
214,Noam Baumann,noam-baumann,192605,Goalkeeper
215,Paul Nardi,paul-nardi,189744,Goalkeeper
216,Alfred Gomis,alfred-gomis,163568,Goalkeeper
217,Plamen Iliev,plamen-iliev,156566,Goalkeeper
218,Cláudio Ramos,claudio-ramos,155396,Goalkeeper
219,Santos,santos,140811,Goalkeeper
220,Daniel Bentley,daniel-bentley,136401,Goalkeeper
221,Alexei Coselev,alexei-coselev,136109,Goalkeeper
222,Antonio Rodríguez,antonio-rodriguez,131074,Goalkeeper
223,Ahmed El Shenawy,ahmed-el-shenawy,124578,Goalkeeper
224,Pedro Gallese,pedro-gallese,95172,Goalkeeper
225,Vladislav Stoyanov,vladislav-stoyanov,81659,Goalkeeper
226,Sergio Padt,sergio-padt,79573,Goalkeeper
227,Mamadou Samassa,mamadou-samassa,72422,Goalkeeper
228,Fernando Monetti,fernando-monetti,69815,Goalkeeper
229,Soslan Dzhanaev,soslan-dzhanaev,59209,Goalkeeper
230,Alexandre Oukidja,alexandre-oukidja,56809,Goalkeeper
231,Jonathan Orozco,jonathan-orozco,53592,Goalkeeper
232,Sergio Álvarez,sergio-alvarez,45912,Goalkeeper
233,Kenneth Vermeer,kenneth-vermeer,30290,Goalkeeper
234,Danijel Subasic,danijel-subasic,27941,Goalkeeper
235,Rune Jarstein,rune-jarstein,24112,Goalkeeper
236,Roberto Fernández,roberto-fernandez,107318,Goalkeeper
237,Giedrius Arlauskis,giedrius-arlauskis,69001,Goalkeeper
238,Jandrei,jandrei,512344,Goalkeeper
239,Ethan Horvath,ethan-horvath,242284,Goalkeeper
240,Hugo González,hugo-gonzalez,129031,Goalkeeper
241,Sean Johnson,sean-johnson,126630,Goalkeeper
242,Marcelo Lomba,marcelo-lomba,53015,Goalkeeper
243,Iván Arboleda,ivan-arboleda,260740,Goalkeeper
244,Simone Scuffet,simone-scuffet,238993,Goalkeeper
245,David Jensen,david-jensen,78819,Goalkeeper
246,Régis Gurtner,regis-gurtner,39918,Goalkeeper
247,Hyeon-uh Jo,hyeon-uh-jo,260171,Goalkeeper
248,Simon Sluga,simon-sluga,188201,Goalkeeper
249,Maarten Vandevoordt,maarten-vandevoordt,486046,Goalkeeper
250,Kjell Scherpen,kjell-scherpen,463527,Goalkeeper
251,Sebastián Jurado,sebastian-jurado,450406,Goalkeeper
252,Bailey Peacock-Farrell,bailey-peacock-farrell,410436,Goalkeeper
253,Oscar Linnér,oscar-linner,366974,Goalkeeper
254,Berke Özer,berke-ozer,361256,Goalkeeper
255,Antonio Sivera,antonio-sivera,298197,Goalkeeper
256,Álvaro Montero,alvaro-montero,292985,Goalkeeper
257,Alex Muralha,alex-muralha,277743,Goalkeeper
258,Jesse González,jesse-gonzalez,263770,Goalkeeper
259,Josip Posavec,josip-posavec,255322,Goalkeeper
260,Andre Blake,andre-blake,244149,Goalkeeper
261,Gibrán Lajud,gibran-lajud,242580,Goalkeeper
262,Patrick Pentz,patrick-pentz,223972,Goalkeeper
263,Gökhan Akkan,gokhan-akkan,223025,Goalkeeper
264,Alex Remiro,alex-remiro,212862,Goalkeeper
265,Marc-Aurèle Caillard,marc-aurele-caillard,205465,Goalkeeper
266,Emil Rockov,emil-rockov,197520,Goalkeeper
267,Marek Rodak,marek-rodak,186901,Goalkeeper
268,Charles,charles,181773,Goalkeeper
269,Mirko Pigliacelli,mirko-pigliacelli,165893,Goalkeeper
270,Alfredo Saldívar,alfredo-saldivar,159131,Goalkeeper
271,Cristian Balgradean,cristian-balgradean,158839,Goalkeeper
272,Mikhail Levashov,mikhail-levashov,148028,Goalkeeper
273,Mohamed El Shenawy,mohamed-el-shenawy,134573,Goalkeeper
274,Kelle Roos,kelle-roos,123503,Goalkeeper
275,Farouk Ben Mustapha,farouk-ben-mustapha,122351,Goalkeeper
276,Marius Müller,marius-muller,118161,Goalkeeper
277,Warner Hahn,warner-hahn,111180,Goalkeeper
278,Jed Steer,jed-steer,110867,Goalkeeper
279,Frederik Rönnow,frederik-ronnow,107775,Goalkeeper
280,Éverson,everson,106032,Goalkeeper
281,Sung-ryong Jung,sung-ryong-jung,81790,Goalkeeper
282,Robbin Ruiter,robbin-ruiter,81775,Goalkeeper
283,Dmitriy Nepogodov,dmitriy-nepogodov,77847,Goalkeeper
284,Sebastián Sosa,sebastian-sosa,76592,Goalkeeper
285,Camilo Vargas,camilo-vargas,74113,Goalkeeper
286,Declan Rudd,declan-rudd,74088,Goalkeeper
287,Örjan Nyland,orjan-nyland,73517,Goalkeeper
288,Paulo Victor,paulo-victor,67886,Goalkeeper
289,David Button,david-button,61814,Goalkeeper
290,Sergey Pesjakov,sergey-pesjakov,61397,Goalkeeper
291,Yoel Rodríguez,yoel-rodriguez,58115,Goalkeeper
292,Andrés Fernández,andres-fernandez,57522,Goalkeeper
293,Marcelo Barovero,marcelo-barovero,55142,Goalkeeper
294,Antonio Adán,antonio-adan,44062,Goalkeeper
295,Claudio Bravo,claudio-bravo,40423,Goalkeeper
296,Vito Mannone,vito-mannone,33781,Goalkeeper
297,Miguel Ángel Moyà,miguel-angel-moya,26065,Goalkeeper
298,Ben Foster,ben-foster,13572,Goalkeeper
299,Craig Gordon,craig-gordon,12589,Goalkeeper
300,Brad Jones,brad-jones,4042,Goalkeeper
301,Jeremías Ledesma,jeremias-ledesma,284342,Goalkeeper
302,Alan Aguerre,alan-aguerre,269784,Goalkeeper
303,Stas Pokatilov,stas-pokatilov,240178,Goalkeeper
304,Seong-yun Gu,seong-yun-gu,238030,Goalkeeper
305,Masaaki Higashiguchi,masaaki-higashiguchi,113712,Goalkeeper
306,Shusaku Nishikawa,shusaku-nishikawa,81787,Goalkeeper
307,Máximo Banguera,maximo-banguera,79303,Goalkeeper
308,Douglas Friedrich,douglas-friedrich,374094,Goalkeeper
309,Tyler Miller,tyler-miller,353479,Goalkeeper
310,Gaëtan Coucke,gaetan-coucke,338651,Goalkeeper
311,Karlo Letica,karlo-letica,318707,Goalkeeper
312,Kosuke Nakamura,kosuke-nakamura,165794,Goalkeeper
313,Alberto Brignoli,alberto-brignoli,146799,Goalkeeper
314,André Hansen,andre-hansen,103555,Goalkeeper
315,Harun Tekin,harun-tekin,85213,Goalkeeper
316,Alexis Martín Arias,alexis-martin-arias,360521,Goalkeeper
317,Joël Drommel,joel-drommel,333640,Goalkeeper
318,Ahmed Reda Tagnaouti,ahmed-reda-tagnaouti,238997,Goalkeeper
319,Timon Wellenreuther,timon-wellenreuther,196829,Goalkeeper
320,Milan Heca,milan-heca,119472,Goalkeeper
321,Karl-Johan Johnsson,karl-johan-johnsson,112822,Goalkeeper
322,Daniel Heuer Fernandes,daniel-heuer-fernandes,84993,Goalkeeper
323,Sten Grytebust,sten-grytebust,73417,Goalkeeper
324,Jörg Siebenhandl,jorg-siebenhandl,59009,Goalkeeper
325,Marcos Díaz,marcos-diaz,56006,Goalkeeper
326,Isak Pettersson,isak-pettersson,296458,Goalkeeper
327,Augusto Batalla,augusto-batalla,275218,Goalkeeper
328,Vanja Milinković-Savić,vanja-milinkovi%C4%87-savi%C4%87,257474,Goalkeeper
329,Nordin Jackers,nordin-jackers,250543,Goalkeeper
330,Denis Shcherbitski,denis-shcherbitski,249761,Goalkeeper
331,Yuri Dyupin,yuri-dyupin,228660,Goalkeeper
332,Mohamed Awad,mohamed-awad,184818,Goalkeeper
333,Dénes Dibusz,denes-dibusz,162695,Goalkeeper
334,Oleksii Shevchenko,oleksii-shevchenko,136537,Goalkeeper
335,Andrey Sinitsyn,andrey-sinitsyn,106196,Goalkeeper
336,Felipe Rodríguez,felipe-rodriguez,102699,Goalkeeper
337,Seung-gyu Kim,seung-gyu-kim,92076,Goalkeeper
338,Eloy Room,eloy-room,79294,Goalkeeper
339,Silviu Lung Jr.,silviu-lung-jr-,73731,Goalkeeper
340,Artur Nigmatullin,artur-nigmatullin,70074,Goalkeeper
341,Victor,victor,67867,Goalkeeper
342,Giorgi Makaridze,giorgi-makaridze,55977,Goalkeeper
343,Danny Vukovic,danny-vukovic,43113,Goalkeeper
344,Itumeleng Khune,itumeleng-khune,39616,Goalkeeper
345,Mariano Andújar,mariano-andujar,35491,Goalkeeper
346,Matous Trmal,matous-trmal,549039,Goalkeeper
347,Yannis Clementia,yannis-clementia,549318,Goalkeeper
348,Facundo Cambeses,facundo-cambeses,435001,Goalkeeper
349,Vladan Kovacevic,vladan-kovacevic,429070,Goalkeeper
350,José Hernández,jose-hernandez,401349,Goalkeeper
351,Maxence Prévot,maxence-prevot,394903,Goalkeeper
352,Dimitry Bertaud,dimitry-bertaud,371816,Goalkeeper
353,Jean,jean,371231,Goalkeeper
354,Pontus Dahlberg,pontus-dahlberg,365544,Goalkeeper
355,Abdelali Mhamdi,abdelali-mhamdi,353476,Goalkeeper
356,Gil Alcalá,gil-alcala,353420,Goalkeeper
357,Caoimhin Kelleher,caoimhin-kelleher,340918,Goalkeeper
358,Adrian Semper,adrian-semper,317057,Goalkeeper
359,Markus Schubert,markus-schubert,296741,Goalkeeper
360,Michael Verrips,michael-verrips,288259,Goalkeeper
361,Luca Zidane,luca-zidane,283489,Goalkeeper
362,Ivan Zlobin,ivan-zlobin,282654,Goalkeeper
363,Djordje Nikolic,djordje-nikolic,274344,Goalkeeper
364,Tadeu,tadeu,258367,Goalkeeper
365,Aleksandar Jovanovic,aleksandar-jovanovic,256567,Goalkeeper
366,Lorenzo Montipò,lorenzo-montipo,241923,Goalkeeper
367,Yoan Cardinale,yoan-cardinale,241231,Goalkeeper
368,Kenan Piric,kenan-piric,231712,Goalkeeper
369,Julian Pollersbeck,julian-pollersbeck,228975,Goalkeeper
370,Andreas Gianniotis,andreas-gianniotis,226802,Goalkeeper
371,Amir Abedzadeh,amir-abedzadeh,218431,Goalkeeper
372,Anas Zniti,anas-zniti,216954,Goalkeeper
373,William Yarbrough,william-yarbrough,215473,Goalkeeper
374,Jhonatan,jhonatan,212216,Goalkeeper
375,Christian Walton,christian-walton,208379,Goalkeeper
376,Heorhii Bushchan,heorhii-bushchan,206888,Goalkeeper
377,Okan Kocuk,okan-kocuk,204189,Goalkeeper
378,Mathieu Michel,mathieu-michel,193142,Goalkeeper
379,Sokratis Dioudis,sokratis-dioudis,187798,Goalkeeper
380,Lawrence Thomas,lawrence-thomas,181337,Goalkeeper
381,Ronwen Williams,ronwen-williams,175577,Goalkeeper
382,Helton Leite,helton-leite,175383,Goalkeeper
383,Baptiste Valette,baptiste-valette,170509,Goalkeeper
384,Rodrigo Rey,rodrigo-rey,166591,Goalkeeper
385,Yanick Brecher,yanick-brecher,165532,Goalkeeper
386,Robin Zentner,robin-zentner,160963,Goalkeeper
387,Marvin Schwäbe,marvin-schwabe,160929,Goalkeeper
388,Daniel Schmidt,daniel-schmidt,158799,Goalkeeper
389,Quentin Beunardeau,quentin-beunardeau,157484,Goalkeeper
390,Han-bin Yang,han-bin-yang,156442,Goalkeeper
391,Nicola Leali,nicola-leali,136111,Goalkeeper
392,Kevin Dawson,kevin-dawson,131110,Goalkeeper
393,Maxime Dupé,maxime-dupe,127188,Goalkeeper
394,Akihiro Hayashi,akihiro-hayashi,121543,Goalkeeper
395,Jin-hyeon Kim,jin-hyeon-kim,118487,Goalkeeper
396,Yuji Rokutan,yuji-rokutan,117235,Goalkeeper
397,Cristian Bonilla,cristian-bonilla,102269,Goalkeeper
398,Stefan Frei,stefan-frei,99617,Goalkeeper
399,Danilo Fernandes,danilo-fernandes,99439,Goalkeeper
400,Joel Silva,joel-silva,99166,Goalkeeper
401,Munir,munir,97925,Goalkeeper
402,Leandro Chichizola,leandro-chichizola,95736,Goalkeeper
403,Sun-tae Kwon,sun-tae-kwon,92496,Goalkeeper
404,Tomeu Nadal,tomeu-nadal,88397,Goalkeeper
405,Stefan Ortega Moreno,stefan-ortega-moreno,85941,Goalkeeper
406,Christian Mathenia,christian-mathenia,82361,Goalkeeper
407,Janis Blaswich,janis-blaswich,81173,Goalkeeper
408,Mykyta Shevchenko,mykyta-shevchenko,80312,Goalkeeper
409,Yota Akimoto,yota-akimoto,79389,Goalkeeper
410,Gabriel,gabriel,79242,Goalkeeper
411,Rafal Gikiewicz,rafal-gikiewicz,78339,Goalkeeper
412,Kristoffer Nordfeldt,kristoffer-nordfeldt,75890,Goalkeeper
413,Lucas Hoyos,lucas-hoyos,75462,Goalkeeper
414,Vanderlei,vanderlei,68727,Goalkeeper
415,Stefanos Kapino,stefanos-kapino,68410,Goalkeeper
416,Denis Onyango,denis-onyango,68096,Goalkeeper
417,Alfonso Blanco,alfonso-blanco,63333,Goalkeeper
418,Mathieu Gorgelin,mathieu-gorgelin,60543,Goalkeeper
419,Diego Mariño,diego-marino,59349,Goalkeeper
420,David Yurchenko,david-yurchenko,57631,Goalkeeper
421,Erwin Mulder,erwin-mulder,56631,Goalkeeper
422,Raúl Fernández,raul-fernandez,54217,Goalkeeper
423,Júlio César,julio-cesar,52647,Goalkeeper
424,Alfredo Talavera,alfredo-talavera,50965,Goalkeeper
425,Mitchell Langerak,mitchell-langerak,49347,Goalkeeper
426,Costel Pantilimon,costel-pantilimon,47659,Goalkeeper
427,Johan Dahlin,johan-dahlin,41653,Goalkeeper
428,Evgeni Gorodov,evgeni-gorodov,38681,Goalkeeper
429,Roberto,roberto,37403,Goalkeeper
430,Diego López,diego-lopez,34370,Goalkeeper
431,Jesús Corona,jesus-corona,29574,Goalkeeper
432,Jean-Louis Leca,jean-louis-leca,27490,Goalkeeper
433,Michel Vorm,michel-vorm,26276,Goalkeeper
434,Emiliano Viviano,emiliano-viviano,24316,Goalkeeper
435,Geoffrey Jourdren,geoffrey-jourdren,23938,Goalkeeper
436,Orestis Karnezis,orestis-karnezis,16408,Goalkeeper
437,Scott Carson,scott-carson,14555,Goalkeeper
438,David Marshall,david-marshall,9500,Goalkeeper
439,Gianluigi Buffon,gianluigi-buffon,5023,Goalkeeper
440,Iker Casillas,iker-casillas,3979,Goalkeeper
441,Óscar Ustari,oscar-ustari,3755,Goalkeeper
442,Filip Nguyen,filip-nguyen,202914,Goalkeeper
443,Ortwin De Wolf,ortwin-de-wolf,450218,Goalkeeper
444,Tiepo,tiepo,432964,Goalkeeper
445,Maarten Paes,maarten-paes,396077,Goalkeeper
446,Dragan Rosic,dragan-rosic,374055,Goalkeeper
447,Payam Niazmand,payam-niazmand,343044,Goalkeeper
448,Fernando Miguel,fernando-miguel,291963,Goalkeeper
449,Alex Bono,alex-bono,272881,Goalkeeper
450,Junling Yan,junling-yan,224161,Goalkeeper
451,Mouez Hassen,mouez-hassen,215677,Goalkeeper
452,Ivan Provedel,ivan-provedel,197929,Goalkeeper
453,Giannis Anestis,giannis-anestis,191853,Goalkeeper
454,Danijel Petkovic,danijel-petkovic,188930,Goalkeeper
455,Evgeni Frolov,evgeni-frolov,177350,Goalkeeper
456,Krzysztof Kaminski,krzysztof-kaminski,172874,Goalkeeper
457,Davy Roef,davy-roef,140808,Goalkeeper
458,Benjamin van Leer,benjamin-van-leer,123520,Goalkeeper
459,Aleksandr Gutor,aleksandr-gutor,86269,Goalkeeper
460,Christian Vargas,christian-vargas,83015,Goalkeeper
461,Martín Silva,martin-silva,76398,Goalkeeper
462,José Cuadrado,jose-cuadrado,74057,Goalkeeper
463,Raffaele Di Gennaro,raffaele-di-gennaro,70580,Goalkeeper
464,Heinz Lindner,heinz-lindner,59082,Goalkeeper
465,Ibrahim Sehic,ibrahim-sehic,46252,Goalkeeper
466,Muhammed Sengezer,muhammed-sengezer,330871,Goalkeeper
467,Mickey van der Hart,mickey-van-der-hart,207048,Goalkeeper
468,Joel Pereira,joel-pereira,192611,Goalkeeper
469,Marko Malenica,marko-malenica,179894,Goalkeeper
470,Moez Ben Cherifia,moez-ben-cherifia,143581,Goalkeeper
471,Kristijan Kahlina,kristijan-kahlina,133831,Goalkeeper
472,Bill Hamid,bill-hamid,77714,Goalkeeper
473,Ales Hruska,ales-hruska,63897,Goalkeeper
474,Aymen Dahmen,aymen-dahmen,569433,Goalkeeper
475,Cleiton,cleiton,468247,Goalkeeper
476,Álvaro Fernández,alvaro-fernandez,453704,Goalkeeper
477,Pedro Ortíz,pedro-ortiz,430042,Goalkeeper
478,Josep Martinez,josep-martinez,388516,Goalkeeper
479,Felipe López,felipe-lopez,386546,Goalkeeper
480,Caíque,caique,384159,Goalkeeper
481,Gaëtan Poussin,gaetan-poussin,344591,Goalkeeper
482,Marko Ilic,marko-ilic,343953,Goalkeeper
483,Miguel Silva,miguel-silva,336756,Goalkeeper
484,André Moreira,andre-moreira,326363,Goalkeeper
485,Dominik Greif,dominik-greif,316884,Goalkeeper
486,Catalin Cabuz,catalin-cabuz,315442,Goalkeeper
487,Bobby Allain,bobby-allain,314862,Goalkeeper
488,Koke Vegas,koke-vegas,299715,Goalkeeper
489,Xavier Mous,xavier-mous,288426,Goalkeeper
490,Guglielmo Vicario,guglielmo-vicario,286047,Goalkeeper
491,Rémy Descamps,remy-descamps,282028,Goalkeeper
492,Saturnin Allagbé,saturnin-allagbe,274958,Goalkeeper
493,Emil Balayev,emil-balayev,236366,Goalkeeper
494,Vaná Alves,vana-alves,212198,Goalkeeper
495,Vitali Gudiev,vitali-gudiev,190188,Goalkeeper
496,Zauri Makharadze,zauri-makharadze,166575,Goalkeeper
497,Alberto Paleari,alberto-paleari,163048,Goalkeeper
498,William Dutoit,william-dutoit,156384,Goalkeeper
499,Colin Coosemans,colin-coosemans,154351,Goalkeeper
